month_year,precipitation
2010-01-01,213.4
2010-02-01,42.7
2010-03-01,55.1
2010-04-01,88.9
2010-05-01,33.0
2010-06-01,29.2
2010-07-01,88.6
2010-08-01,0.0
2010-09-01,92.7
2010-10-01,132.6
2010-11-01,86.4
2010-12-01,218.9
2011-01-01,496.1
2011-02-01,173.7
2011-03-01,144.5
2011-04-01,89.2
2011-05-01,31.5
2011-06-01,45.7
2011-07-01,7.9
2011-08-01,40.4
2011-09-01,3.0
2011-10-01,209.3
2011-11-01,135.9
2011-12-01,207.5
2012-01-01,262.1
2012-02-01,81.8
2012-03-01,177.0
2012-04-01,192.3
2012-05-01,83.8
2012-06-01,197.6
2012-07-01,11.4
2012-08-01,0.0
2012-09-01,94.7
2012-10-01,51.8
2012-11-01,138.2
2012-12-01,121.9
2013-01-01,284.0
2013-02-01,162.8
2013-03-01,192.0
2013-04-01,105.9
2013-05-01,144.8
2013-06-01,78.0
2013-07-01,39.9
2013-08-01,0.0
2013-09-01,66.3
2013-10-01,135.1
2013-11-01,171.2
2013-12-01,54.6
2014-01-01,104.6
2014-02-01,132.3
2014-03-01,125.5
2014-04-01,74.4
2014-05-01,63.8
2014-06-01,0.5
2014-07-01,30.5
2014-08-01,22.4
2014-09-01,125.0
2014-10-01,37.3
2014-11-01,116.6
2014-12-01,257.0
2015-01-01,182.4
2015-02-01,134.1
2015-03-01,251.5
2015-04-01,46.7
2015-05-01,125.2
2015-06-01,0.0
2015-07-01,88.1
2015-08-01,21.6
2015-09-01,220.2
2015-10-01,123.4
2015-11-01,260.1
2015-12-01,259.8
2016-01-01,380.2
2016-02-01,351.3
2016-03-01,118.9
2016-04-01,37.8
2016-05-01,110.2
2016-06-01,94.0
2016-07-01,9.1
2016-08-01,61.7
2016-09-01,24.6
2016-10-01,103.6
2016-11-01,91.2
2016-12-01,143.8
2017-01-01,462.0
2017-02-01,137.9
2017-03-01,135.9
2017-04-01,119.1
2017-05-01,218.7
2017-06-01,22.4
2017-07-01,0.0
2017-08-01,66.3
2017-09-01,16.5
2017-10-01,117.9
2017-11-01,263.4
2017-12-01,95.0
2018-01-01,258.8
2018-02-01,98.8
2018-03-01,258.1
2018-04-01,15.0
2018-05-01,10.7
2018-06-01,15.7
2018-07-01,4.6
2018-08-01,124.7
2018-09-01,91.4
2018-10-01,180.8
2018-11-01,137.9
2018-12-01,198.9
2019-01-01,176.3
2019-02-01,185.2
2019-03-01,273.1
2019-04-01,82.8
2019-05-01,14.7
2019-06-01,13.2
2019-07-01,31.2
2019-08-01,11.2
2019-09-01,43.4
2019-10-01,59.7
2019-11-01,168.9
2019-12-01,217.2
2020-01-01,211.1
2020-02-01,366.0
2020-03-01,14.7
2020-04-01,23.4
2020-05-01,33.5
2020-06-01,75.9
2020-07-01,9.4
2020-08-01,69.9
2020-09-01,7.9
2020-10-01,40.4
2020-11-01,70.1
2020-12-01,467.1
